SYMBOL	GO TERM
LAMTOR5	GO:0071986
LAMTOR5	GO:0071986
LAMTOR5	GO:0071986
LAMTOR5	GO:0071986
LAMTOR5	GO:0071986
LAMTOR5	GO:0071986
LAMTOR5	GO:0071986
LAMTOR5	GO:0071986
LAMTOR4	GO:0071986
LAMTOR4	GO:0071986
LAMTOR4	GO:0071986
LAMTOR4	GO:0071986
LAMTOR4	GO:0071986
LAMTOR4	GO:0071986
LAMTOR4	GO:0071986
LAMTOR4	GO:0071986
LAMTOR1	GO:0071986
LAMTOR1	GO:0071986
LAMTOR1	GO:0071986
LAMTOR1	GO:0071986
LAMTOR1	GO:0071986
LAMTOR1	GO:0071986
LAMTOR1	GO:0071986
LAMTOR1	GO:0071986
SLC38A9	GO:0071986
SLC38A9	GO:0071986
LAMTOR3	GO:0071986
LAMTOR3	GO:0071986
LAMTOR3	GO:0071986
LAMTOR3	GO:0071986
LAMTOR3	GO:0071986
LAMTOR3	GO:0071986
LAMTOR3	GO:0071986
LAMTOR2	GO:0071986
LAMTOR2	GO:0071986
LAMTOR2	GO:0071986
LAMTOR2	GO:0071986
LAMTOR2	GO:0071986
LAMTOR2	GO:0071986
LAMTOR2	GO:0071986
